Date,Probability,Prediction,Actual,Correct
2020-03-10,0.44207522721148806,0,0,1
2020-03-11,0.553541688317765,1,0,0
2020-03-12,0.49538762571999645,0,1,0
2020-03-13,0.43141621189029145,0,0,1
2020-03-16,0.5071804513288298,1,1,1
2020-03-17,0.44773127669665097,0,0,1
2020-03-18,0.484957353699067,0,1,0
2020-03-19,0.5064940976820452,1,0,0
2020-03-20,0.5114070384934447,1,0,0
2020-03-23,0.49282414015769144,0,1,0
2020-03-24,0.5849762017290829,1,1,1
2020-03-25,0.5966197080875597,1,1,1
2020-03-26,0.559987595351524,1,0,0
2020-03-27,0.5792618837689151,1,1,1
2020-03-30,0.6134846510887916,1,0,0
2020-03-31,0.6516971471375332,1,0,0
2020-04-01,0.5403656850852158,1,1,1
2020-04-02,0.6726875007668708,1,0,0
2020-04-03,0.5983714067741428,1,1,1
2020-04-06,0.5851979969202248,1,1,1
2020-04-07,0.4689931817410413,0,1,0
2020-04-08,0.4702880811852474,0,1,0
2020-04-09,0.5038810471820135,1,0,0
2020-04-13,0.4553582379046984,0,1,0
2020-04-14,0.4665222439746961,0,0,1
2020-04-15,0.417607581514398,0,1,0
2020-04-16,0.379448491308412,0,1,0
2020-04-17,0.414917666589566,0,0,1
2020-04-20,0.3872689240254989,0,0,1
2020-04-21,0.4586500945439624,0,1,0
2020-04-22,0.5213415264811309,1,0,0
2020-04-23,0.45367226653894616,0,1,0
2020-04-24,0.48342468436237346,0,1,0
2020-04-27,0.4633898594441468,0,0,1
2020-04-28,0.39899470977545715,0,1,0
2020-04-29,0.41151459682938246,0,0,1
2020-04-30,0.4158064628247718,0,0,1
2020-05-01,0.4481134102870546,0,1,0
2020-05-04,0.5139919840335776,1,1,1
2020-05-05,0.5705768113802746,1,0,0
2020-05-06,0.5245525230812443,1,1,1
2020-05-07,0.5364033941834212,1,1,1
2020-05-08,0.5013891694716575,1,1,1
2020-05-11,0.4450902239998949,0,0,1
2020-05-12,0.4026544427371333,0,0,1
2020-05-13,0.4890281284873143,0,1,0
2020-05-14,0.5084154821904733,1,1,1
2020-05-15,0.4849760446088914,0,1,0
2020-05-18,0.5005575661674472,1,0,0
2020-05-19,0.5039855134499032,1,1,1
2020-05-20,0.5102562365619994,1,0,0
2020-05-21,0.43936229618590944,0,1,0
2020-05-22,0.47231504696588417,0,1,0
2020-05-26,0.45247697627744343,0,1,0
2020-05-27,0.45977940727394223,0,0,1
2020-05-28,0.48050402192813796,0,1,0
2020-05-29,0.46920550735104605,0,1,0
2020-06-01,0.4563740796318634,0,1,0
2020-06-02,0.4679487319405054,0,1,0
2020-06-03,0.48343643804639996,0,0,1
2020-06-04,0.4449327809732396,0,1,0
2020-06-05,0.47816689456779204,0,1,0
2020-06-08,0.48396858698598666,0,0,1
2020-06-09,0.497048460877434,0,0,1
2020-06-10,0.4268281007921988,0,0,1
2020-06-11,0.4809192732338557,0,1,0
2020-06-12,0.4827673375516558,0,1,0
2020-06-15,0.5036169088503939,1,1,1
2020-06-16,0.5134888346661227,1,0,0
2020-06-17,0.5310025254498705,1,1,1
2020-06-18,0.49682538725850117,0,0,1
2020-06-19,0.5142724537925679,1,1,1
2020-06-22,0.4828944589646546,0,1,0
2020-06-23,0.479209393711946,0,0,1
2020-06-24,0.552816242066673,1,1,1
2020-06-25,0.5422856454682763,1,0,0
2020-06-26,0.5527565981249156,1,1,1
2020-06-29,0.5855648465531736,1,1,1
2020-06-30,0.5774704727301615,1,1,1
2020-07-01,0.5386692301092588,1,1,1
2020-07-02,0.5106347857136834,1,1,1
2020-07-06,0.5253831793038795,1,0,0
2020-07-07,0.5129422597503508,1,1,1
2020-07-08,0.5331302427040957,1,0,0
2020-07-09,0.4706139289034004,0,1,0
2020-07-10,0.5466033640879286,1,0,0
2020-07-13,0.4618188933615135,0,1,0
2020-07-14,0.5607723325702754,1,1,1
2020-07-15,0.5225951931208674,1,0,0
2020-07-16,0.4631546994965632,0,1,0
2020-07-17,0.4618315522448357,0,1,0
2020-07-20,0.46234322170406367,0,1,0
2020-07-21,0.3917183022945149,0,1,0
2020-07-22,0.3912262122421825,0,0,1
2020-07-23,0.38658743040878385,0,0,1
2020-07-24,0.4874932111600186,0,1,0
2020-07-27,0.5567631212604183,1,0,0
2020-07-28,0.5223967640147686,1,1,1
2020-07-29,0.48586105636033367,0,0,1
2020-07-30,0.45428525298808037,0,1,0
2020-07-31,0.5109113192413015,1,1,1
2020-08-03,0.42939823442647457,0,1,0
2020-08-04,0.45531315495156083,0,1,0
2020-08-05,0.4272678544317016,0,1,0
2020-08-06,0.43618091360500616,0,1,0
2020-08-07,0.45719683543570344,0,1,0
2020-08-10,0.41273820634544545,0,0,1
2020-08-11,0.4076740252302399,0,1,0
2020-08-12,0.5649027273870131,1,0,0
2020-08-13,0.5092984427390033,1,1,1
2020-08-14,0.5376147483331316,1,1,1
2020-08-17,0.5291298031704588,1,1,1
2020-08-18,0.516988201525633,1,0,0
2020-08-19,0.4845365595138246,0,1,0
2020-08-20,0.4705450038662634,0,1,0
2020-08-21,0.541964444089383,1,1,1
2020-08-24,0.46609310079720395,0,1,0
2020-08-25,0.42372405684471187,0,1,0
2020-08-26,0.4563284986471097,0,1,0
2020-08-27,0.46180684651616216,0,1,0
2020-08-28,0.48431862459367014,0,0,1
2020-08-31,0.4580593652343524,0,1,0
2020-09-01,0.47752700248008195,0,1,0
2020-09-02,0.46580714672261103,0,0,1
2020-09-03,0.39764193234081774,0,0,1
2020-09-04,0.45443290378659745,0,0,1
2020-09-08,0.5085343852568726,1,1,1
2020-09-09,0.560584363352655,1,0,0
2020-09-10,0.4943253764810766,0,1,0
2020-09-11,0.5237688695717161,1,1,1
2020-09-14,0.5221410651301485,1,1,1
2020-09-15,0.4852784581878268,0,0,1
2020-09-16,0.4910700932956278,0,0,1
2020-09-17,0.4773338828666367,0,0,1
2020-09-18,0.5003067697952671,1,0,0
2020-09-21,0.5248648450831649,1,1,1
2020-09-22,0.5770911621717587,1,0,0
2020-09-23,0.5841515341739443,1,1,1
2020-09-24,0.5394284903689968,1,1,1
2020-09-25,0.5997074211479827,1,1,1
2020-09-28,0.581148463670892,1,0,0
2020-09-29,0.5162618881611842,1,1,1
2020-09-30,0.5341029898906794,1,1,1
2020-10-01,0.5345246600445791,1,0,0
2020-10-02,0.5675567410188762,1,1,1
2020-10-05,0.5625043183041772,1,0,0
2020-10-06,0.5964116822584572,1,1,1
2020-10-07,0.6172637254485317,1,1,1
2020-10-08,0.5603360136924067,1,1,1
2020-10-09,0.5172611578022174,1,1,1
2020-10-12,0.5041311363208999,1,0,0
2020-10-13,0.5101891996054063,1,0,0
2020-10-14,0.5449503163980217,1,0,0
2020-10-15,0.4910212074712654,0,0,1
2020-10-16,0.5089692377562305,1,0,0
2020-10-19,0.5003604496331151,1,1,1
2020-10-20,0.5457768707085696,1,0,0
2020-10-21,0.5252134602922233,1,1,1
2020-10-22,0.5174189617393707,1,1,1
2020-10-23,0.5329698140861037,1,0,0
2020-10-26,0.5526620723299406,1,0,0
2020-10-27,0.5581622522049204,1,0,0
2020-10-28,0.5128158982899281,1,1,1
2020-10-29,0.5977335960892541,1,0,0
2020-10-30,0.5951281751189478,1,1,1
2020-11-02,0.5283883266774926,1,1,1
2020-11-03,0.5441079981323051,1,1,1
2020-11-04,0.6349137401449554,1,1,1
2020-11-05,0.5817432787184618,1,0,0
2020-11-06,0.5444268087381154,1,1,1
2020-11-09,0.4962907191728711,0,0,1
2020-11-10,0.5425073365868105,1,1,1
2020-11-11,0.5451790689133335,1,0,0
2020-11-12,0.5272603347826972,1,1,1
2020-11-13,0.47291760070992656,0,1,0
2020-11-16,0.4743080663062409,0,0,1
2020-11-17,0.39956988608945776,0,0,1
2020-11-18,0.4370310635521286,0,1,0
2020-11-19,0.4583404853898473,0,0,1
2020-11-20,0.4398729235776047,0,1,0
2020-11-23,0.49340792457773214,0,1,0
2020-11-24,0.45353486376892965,0,0,1
2020-11-25,0.4526032843819828,0,1,0
2020-11-27,0.3960345358910945,0,0,1
2020-11-30,0.39703111163754173,0,1,0
2020-12-01,0.4189118371434213,0,1,0
2020-12-02,0.37855598483303354,0,0,1
2020-12-03,0.4154859783693464,0,1,0
2020-12-04,0.4470250812941148,0,0,1
2020-12-07,0.4365176977286575,0,1,0
2020-12-08,0.4355002249737216,0,0,1
2020-12-09,0.4573761661006369,0,0,1
2020-12-10,0.562147812739978,1,0,0
2020-12-11,0.5580286397935803,1,0,0
2020-12-14,0.5778488299671559,1,1,1
2020-12-15,0.4623200531795031,0,1,0
2020-12-16,0.4985144503014927,0,1,0
2020-12-17,0.4414126870606476,0,0,1
2020-12-18,0.4923522677868988,0,0,1
2020-12-21,0.4580970582124083,0,0,1
2020-12-22,0.4741030365557893,0,1,0
2020-12-23,0.5185214947012631,1,1,1
2020-12-24,0.5428596347105858,1,1,1
2020-12-28,0.5003325885494359,1,0,0
2020-12-29,0.48174849469509706,0,1,0
2020-12-30,0.4641676980130415,0,1,0
2020-12-31,0.4349508953442764,0,0,1
2021-01-04,0.40847195991293644,0,1,0
2021-01-05,0.5339282866537826,1,1,1
2021-01-06,0.6003559385926278,1,1,1
2021-01-07,0.49321852431462054,0,1,0
2021-01-08,0.42624376576301976,0,0,1
2021-01-11,0.4494197621335068,0,1,0
2021-01-12,0.49318099648741176,0,1,0
2021-01-13,0.4858587437231192,0,0,1
2021-01-14,0.48582065527112267,0,0,1
2021-01-15,0.47255033843939026,0,1,0
2021-01-19,0.46166089679220074,0,1,0
2021-01-20,0.5171040215421917,1,1,1
2021-01-21,0.5543822461214737,1,0,0
2021-01-22,0.5443775323214607,1,1,1
2021-01-25,0.508247092615245,1,0,0
2021-01-26,0.47171359816271846,0,0,1
2021-01-27,0.47671033218636105,0,1,0
2021-01-28,0.5407542335011863,1,0,0
2021-01-29,0.4945779784481415,0,1,0
2021-02-01,0.5174404064223489,1,1,1
2021-02-02,0.5271326340517078,1,1,1
2021-02-03,0.4797926327067112,0,1,0
2021-02-04,0.46969147141928563,0,1,0
2021-02-05,0.4711850031006932,0,1,0
2021-02-08,0.504216940414336,1,0,0
2021-02-09,0.47936841444578066,0,0,1
2021-02-10,0.4482318138923696,0,1,0
2021-02-11,0.47005292140272636,0,1,0
2021-02-12,0.5045104804522244,1,0,0
2021-02-16,0.48440297726342607,0,1,0
2021-02-17,0.5609098265717178,1,0,0
2021-02-18,0.5252017376715401,1,0,0
2021-02-19,0.5358376460495595,1,0,0
2021-02-22,0.532600783784259,1,1,1
2021-02-23,0.5034531372156564,1,1,1
2021-02-24,0.5606238098988001,1,0,0
2021-02-25,0.5399792195826798,1,0,0
2021-02-26,0.5257018643338879,1,1,1
2021-03-01,0.5862340732934557,1,0,0
2021-03-02,0.4787394608075332,0,0,1
2021-03-03,0.5455622016596211,1,0,0
2021-03-04,0.6299858000185824,1,1,1
2021-03-05,0.6417229620833522,1,0,0
2021-03-08,0.5894468917392659,1,1,1
2021-03-09,0.5597350124918342,1,1,1
2021-03-10,0.5802975367410502,1,1,1
2021-03-11,0.49950195825848054,0,1,0
2021-03-12,0.5650228330013264,1,1,1
2021-03-15,0.49565838534375933,0,0,1
2021-03-16,0.4819105873089375,0,1,0
2021-03-17,0.4774957461466138,0,0,1
2021-03-18,0.5109887678852906,1,0,0
2021-03-19,0.5440345041415539,1,1,1
2021-03-22,0.5889931382226069,1,0,0
2021-03-23,0.471239934445429,0,0,1
2021-03-24,0.5709041829430569,1,1,1
2021-03-25,0.6140025212946327,1,1,1
2021-03-26,0.5199006182667544,1,0,0
2021-03-29,0.4449772505951658,0,0,1
2021-03-30,0.5240774761288386,1,1,1
2021-03-31,0.5236039101040664,1,1,1
2021-04-01,0.4716145851732348,0,1,0
2021-04-05,0.3937287188514893,0,0,1
2021-04-06,0.41937871541668187,0,1,0
2021-04-07,0.42697822692478576,0,1,0
2021-04-08,0.3817060305280705,0,1,0
2021-04-09,0.4386014916827799,0,1,0
2021-04-12,0.41895645343391985,0,1,0
2021-04-13,0.46956986818249596,0,0,1
2021-04-14,0.42755933167120264,0,1,0
2021-04-15,0.4594060179408342,0,1,0
2021-04-16,0.3406392364395782,0,0,1
2021-04-19,0.36340369126207056,0,0,1
2021-04-20,0.4284634575986311,0,1,0
2021-04-21,0.5285121942019679,1,0,0
2021-04-22,0.4551073573486991,0,1,0
2021-04-23,0.4511896435698665,0,1,0
2021-04-26,0.4759162019937133,0,0,1
2021-04-27,0.36315071941965826,0,0,1
2021-04-28,0.39884677600493934,0,1,0
2021-04-29,0.4190054496169019,0,0,1
2021-04-30,0.4047742690080774,0,1,0
2021-05-03,0.6114173042203136,1,0,0
2021-05-04,0.5351978601454698,1,1,1
2021-05-05,0.5021175961512633,1,1,1
2021-05-06,0.5511852511192255,1,1,1
2021-05-07,0.5638444879410688,1,0,0
2021-05-10,0.5335402517703485,1,0,0
2021-05-11,0.5767535345100707,1,0,0
2021-05-12,0.5313315847771457,1,1,1
2021-05-13,0.5913518554684888,1,1,1
2021-05-14,0.5923071200777943,1,0,0
2021-05-17,0.5038534092572041,1,0,0
2021-05-18,0.5471663691960118,1,0,0
2021-05-19,0.5405223007306064,1,1,1
2021-05-20,0.5331726552191789,1,0,0
2021-05-21,0.5299887773255929,1,1,1
2021-05-24,0.5968767847539588,1,0,0
2021-05-25,0.4728224026272197,0,1,0
2021-05-26,0.4951184549883737,0,1,0
2021-05-27,0.46714005197955055,0,1,0
2021-05-28,0.4242787457852062,0,0,1
2021-06-01,0.49069447527902343,0,1,0
2021-06-02,0.4926865487373919,0,0,1
2021-06-03,0.5043966504199174,1,1,1
2021-06-04,0.5895888597823912,1,0,0
2021-06-07,0.5171809684176288,1,1,1
2021-06-08,0.5119602553705191,1,0,0
2021-06-09,0.46645613705789923,0,1,0
2021-06-10,0.48432834085315407,0,1,0
2021-06-11,0.4252849109948991,0,1,0
2021-06-14,0.42296637099875817,0,0,1
2021-06-15,0.4209795505059104,0,0,1
2021-06-16,0.44574377505956125,0,0,1
2021-06-17,0.5685548509902312,1,0,0
2021-06-18,0.5595271775821359,1,1,1
2021-06-21,0.47846256384638913,0,1,0
2021-06-22,0.5660740107427729,1,0,0
2021-06-23,0.561510396688342,1,1,1
2021-06-24,0.516758962849169,1,1,1
2021-06-25,0.564418484207972,1,1,1
2021-06-28,0.5114259691541209,1,1,1
2021-06-29,0.5159808434136864,1,1,1
2021-06-30,0.48242206749769867,0,1,0
2021-07-01,0.4533274503594983,0,1,0
2021-07-02,0.4678439600018255,0,0,1
2021-07-06,0.4200629875750537,0,1,0
2021-07-07,0.45347496344325805,0,0,1
2021-07-08,0.43162530615110983,0,1,0
2021-07-09,0.5285632619415606,1,1,1
2021-07-12,0.40858741754270556,0,0,1
2021-07-13,0.5027041347525449,1,1,1
2021-07-14,0.4573510623998875,0,0,1
2021-07-15,0.44712465688678504,0,0,1
2021-07-16,0.5316574316725085,1,0,0
2021-07-19,0.5658372439720927,1,1,1
2021-07-20,0.5790128743748602,1,1,1
2021-07-21,0.5352776358238029,1,1,1
2021-07-22,0.6281928696467832,1,1,1
2021-07-23,0.6024342780972598,1,1,1
2021-07-26,0.5868120012492463,1,0,0
2021-07-27,0.6464621096557464,1,0,0
2021-07-28,0.5795352627683463,1,1,1
2021-07-29,0.6118144592947182,1,0,0
2021-07-30,0.5956505691207377,1,0,0
2021-08-02,0.605500722636725,1,1,1
2021-08-03,0.6357748935784571,1,0,0
2021-08-04,0.531598243866521,1,1,1
2021-08-05,0.6173833167903876,1,1,1
2021-08-06,0.46987965294698136,0,0,1
2021-08-09,0.44268037666088833,0,1,0
2021-08-10,0.49354292338545386,0,1,0
2021-08-11,0.4497714559184661,0,1,0
2021-08-12,0.45032271649535427,0,1,0
2021-08-13,0.5165505997031838,1,1,1
2021-08-16,0.5074630285914858,1,0,0
2021-08-17,0.5164058828375345,1,0,0
2021-08-18,0.6252079166649182,1,1,1
2021-08-19,0.44042484410166666,0,1,0
2021-08-20,0.4650267882636911,0,1,0
2021-08-23,0.6078158893079709,1,1,1
2021-08-24,0.5373476937491308,1,1,1
2021-08-25,0.47079111072271324,0,0,1
2021-08-26,0.5658466852916213,1,1,1
2021-08-27,0.5390083269144502,1,1,1
2021-08-30,0.5456132451607426,1,0,0
2021-08-31,0.5071853775933538,1,1,1
2021-09-01,0.5008589824942847,1,1,1
2021-09-02,0.5031948652302286,1,0,0
2021-09-03,0.5465254419127481,1,0,0
2021-09-07,0.5131874620604949,1,0,0
2021-09-08,0.54015062486094,1,0,0
2021-09-09,0.5792136962989829,1,0,0
2021-09-10,0.5597053787521814,1,1,1
2021-09-13,0.4300315210924565,0,0,1
2021-09-14,0.5447899744200358,1,1,1
2021-09-15,0.5120528858760794,1,0,0
2021-09-16,0.6717055707373941,1,0,0
2021-09-17,0.6714875260276127,1,0,0
2021-09-20,0.5360871101367911,1,0,0
2021-09-21,0.5548755020446291,1,1,1
2021-09-22,0.5669001131225234,1,1,1
2021-09-23,0.5703048032808969,1,1,1
2021-09-24,0.6327081560626403,1,0,0
2021-09-27,0.5865402595508379,1,0,0
2021-09-28,0.6187705704918409,1,1,1
2021-09-29,0.6263033281516917,1,0,0
2021-09-30,0.6044703594265965,1,1,1
2021-10-01,0.637645488788072,1,0,0
2021-10-04,0.579006302446893,1,1,1
2021-10-05,0.5850576230520433,1,1,1
2021-10-06,0.5874889260401469,1,1,1
2021-10-07,0.617478783203644,1,0,0
2021-10-08,0.5969424096689535,1,0,0
2021-10-11,0.5713973950564001,1,0,0
2021-10-12,0.6234887398599254,1,1,1
2021-10-13,0.5750736745162357,1,1,1
2021-10-14,0.5200377288969272,1,1,1
2021-10-15,0.4855769612203804,0,1,0
2021-10-18,0.4997347209271284,0,1,0
2021-10-19,0.49513932641910213,0,1,0
2021-10-20,0.5283659479952318,1,1,1
2021-10-21,0.5589804696676917,1,0,0
2021-10-22,0.5332651428607939,1,1,1
2021-10-25,0.5355917210129367,1,1,1
2021-10-26,0.5788223234746768,1,0,0
2021-10-27,0.5026776681729093,1,1,1
2021-10-28,0.6196126426209179,1,1,1
2021-10-29,0.6259361281192063,1,1,1
2021-11-01,0.5460943138510804,1,1,1
2021-11-02,0.5765667895424761,1,1,1
2021-11-03,0.4788154394618307,0,1,0
2021-11-04,0.5195253920827093,1,1,1
2021-11-05,0.4097541629786491,0,1,0
2021-11-08,0.36356800193601957,0,0,1
2021-11-09,0.4234323096490629,0,0,1
2021-11-10,0.5111174545332897,1,1,1
2021-11-11,0.5435410142971145,1,1,1
2021-11-12,0.5983524600541064,1,1,1
2021-11-15,0.5717616098592091,1,1,1
2021-11-16,0.5692901722849583,1,0,0
2021-11-17,0.5771160705329372,1,1,1
2021-11-18,0.5083577620313762,1,0,0
2021-11-19,0.49105913070409263,0,0,1
2021-11-22,0.5143276916941919,1,1,1
2021-11-23,0.5129659674444536,1,1,1
2021-11-24,0.46163310543864855,0,0,1
2021-11-26,0.44681617309173277,0,1,0
2021-11-29,0.4750547338774805,0,0,1
2021-11-30,0.5416668592597541,1,0,0
2021-12-01,0.5388923698312734,1,1,1
2021-12-02,0.514744668103465,1,0,0
2021-12-03,0.4470208640291941,0,1,0
2021-12-06,0.5586349026181177,1,1,1
2021-12-07,0.45937328849275233,0,1,0
2021-12-08,0.6167643166995314,1,0,0
2021-12-09,0.5806250238222135,1,1,1
2021-12-10,0.5720316480556574,1,0,0
2021-12-13,0.5605363531837668,1,0,0
2021-12-14,0.5484863529612083,1,1,1
2021-12-15,0.5931877780683393,1,0,0
2021-12-16,0.49767803674749267,0,0,1
2021-12-17,0.5159780618890073,1,0,0
2021-12-20,0.5929796756153147,1,1,1
2021-12-21,0.48191303728104645,0,1,0
2021-12-22,0.4864809612618147,0,1,0
2021-12-23,0.5269603808371102,1,1,1
2021-12-27,0.4553866578155929,0,0,1
2021-12-28,0.422631304231786,0,1,0
2021-12-29,0.5498752137680167,1,0,0
2021-12-30,0.4270116778364146,0,0,1
2021-12-31,0.4221482378817359,0,1,0
2022-01-03,0.4318253013379677,0,0,1
2022-01-04,0.5140092427845303,1,0,0
2022-01-05,0.49904005242841937,0,0,1
2022-01-06,0.5783364787349432,1,0,0
2022-01-07,0.5381759119905031,1,0,0
2022-01-10,0.5685934169772566,1,1,1
2022-01-11,0.5503381738795368,1,1,1
2022-01-12,0.5783884440826202,1,0,0
2022-01-13,0.5041006455623728,1,1,1
2022-01-14,0.5188293802107032,1,0,0
2022-01-18,0.5421854639201309,1,0,0
2022-01-19,0.5561875290874659,1,0,0
2022-01-20,0.5989977897336964,1,0,0
2022-01-21,0.5689550235334392,1,1,1
2022-01-24,0.5398407155461696,1,0,0
2022-01-25,0.5234554538200317,1,0,0
2022-01-26,0.562903553774243,1,0,0
2022-01-27,0.5397449346518578,1,1,1
2022-01-28,0.5138113285815739,1,1,1
2022-01-31,0.5549830140335261,1,1,1
2022-02-01,0.5454111030403185,1,1,1
2022-02-02,0.567270026677224,1,0,0
2022-02-03,0.556733308027794,1,1,1
2022-02-04,0.5959688816835418,1,0,0
2022-02-07,0.5755606236896826,1,1,1
2022-02-08,0.5994035528871399,1,1,1
2022-02-09,0.5168417552235431,1,0,0
2022-02-10,0.44364554923501404,0,0,1
2022-02-11,0.5614855813878857,1,0,0
2022-02-14,0.5587795730554184,1,1,1
2022-02-15,0.5283813330981153,1,1,1
2022-02-16,0.5409351462705835,1,0,0
2022-02-17,0.5360784086796432,1,0,0
2022-02-18,0.5224186154294621,1,0,0
2022-02-22,0.555056843772532,1,0,0
2022-02-23,0.5439439284239965,1,1,1
2022-02-24,0.44861839219877975,0,1,0
2022-02-25,0.5726240544876557,1,0,0
2022-02-28,0.5996358817797744,1,0,0
2022-03-01,0.5581038240048315,1,1,1
2022-03-02,0.5357353531334534,1,0,0
2022-03-03,0.5650487099723148,1,0,0
2022-03-04,0.5206467671024325,1,0,0
2022-03-07,0.4865474603834955,0,0,1
2022-03-08,0.5633452296282174,1,1,1
2022-03-09,0.5285812495927085,1,0,0
2022-03-10,0.4709140570520488,0,0,1
2022-03-11,0.5597128212105578,1,0,0
2022-03-14,0.5743333344480895,1,1,1
2022-03-15,0.470346192102542,0,1,0
2022-03-16,0.548534802402801,1,1,1
2022-03-17,0.446378603595879,0,1,0
2022-03-18,0.428984555564757,0,0,1
2022-03-21,0.5091539744786349,1,1,1
2022-03-22,0.5446305545778835,1,0,0
2022-03-23,0.46633179896256266,0,1,0
2022-03-24,0.4146797216708418,0,1,0
2022-03-25,0.3629736063124047,0,1,0
2022-03-28,0.500805021921419,1,1,1
2022-03-29,0.4743282869678272,0,0,1
2022-03-30,0.43348769552399863,0,0,1
2022-03-31,0.4345852133220262,0,1,0
2022-04-01,0.5274330767470464,1,1,1
2022-04-04,0.5181244907733534,1,0,0
2022-04-05,0.5149844374086483,1,0,0
2022-04-06,0.6080158048959164,1,1,1
2022-04-07,0.5695123097861526,1,0,0
2022-04-08,0.5453632180118703,1,0,0
2022-04-11,0.5858775454675937,1,0,0
2022-04-12,0.5250882937339795,1,1,1
2022-04-13,0.5305317292118336,1,0,0
2022-04-14,0.5281511475039048,1,1,1
2022-04-18,0.5912833475474226,1,1,1
2022-04-19,0.6005279399837843,1,0,0
2022-04-20,0.5348193444842898,1,0,0
2022-04-21,0.5167914893124096,1,0,0
2022-04-22,0.5798676332122621,1,1,1
2022-04-25,0.5305921309745548,1,0,0
2022-04-26,0.4755197436875824,0,1,0
2022-04-27,0.5092182900927849,1,1,1
2022-04-28,0.5187841017074311,1,0,0
2022-04-29,0.5771680393152226,1,1,1
2022-05-02,0.5687140014588051,1,1,1
2022-05-03,0.568646126417611,1,1,1
2022-05-04,0.5580058979687468,1,0,0
2022-05-05,0.5504614667934425,1,0,0
2022-05-06,0.5890000952199878,1,0,0
2022-05-09,0.5813224387156858,1,1,1
2022-05-10,0.49302670481005006,0,0,1
2022-05-11,0.5596069841196142,1,0,0
2022-05-12,0.45199163043583845,0,1,0
2022-05-13,0.5531425569272581,1,0,0
2022-05-16,0.5619390631957115,1,1,1
2022-05-17,0.5929839295587868,1,0,0
2022-05-18,0.5256871020764975,1,0,0
2022-05-19,0.6062995894276755,1,1,1
2022-05-20,0.548448721592755,1,1,1
2022-05-23,0.5481798706882994,1,0,0
2022-05-24,0.5605485661330514,1,1,1
2022-05-25,0.5492387095433322,1,1,1
2022-05-26,0.48089607126201533,0,1,0
2022-05-27,0.4291154545329466,0,0,1
2022-05-31,0.39774169107647717,0,0,1
2022-06-01,0.36207073357320557,0,1,0
2022-06-02,0.3769929645038965,0,0,1
2022-06-03,0.38898990230730074,0,1,0
2022-06-06,0.3828489981962362,0,1,0
2022-06-07,0.3831374183114128,0,0,1
2022-06-08,0.39309724478538577,0,0,1
2022-06-09,0.36756941299576584,0,0,1
2022-06-10,0.5267783725453589,1,0,0
2022-06-13,0.5452118257623393,1,0,0
2022-06-14,0.46422998181645936,0,1,0
2022-06-15,0.4670733452528305,0,0,1
2022-06-16,0.48718594800229387,0,1,0
2022-06-17,0.44825044535952363,0,1,0
2022-06-21,0.43111946637504167,0,0,1
2022-06-22,0.5674212265042373,1,1,1
2022-06-23,0.4671533140341359,0,1,0
2022-06-24,0.4939767060146876,0,0,1
2022-06-27,0.5713399803650134,1,0,0
2022-06-28,0.49190015683563876,0,0,1
2022-06-29,0.5466761837163797,1,0,0
2022-06-30,0.5437783515770807,1,1,1
2022-07-01,0.5543682814089802,1,1,1
2022-07-05,0.569649906413507,1,1,1
2022-07-06,0.5044922855026395,1,1,1
2022-07-07,0.4890808028601226,0,0,1
2022-07-08,0.4347171222513615,0,0,1
2022-07-11,0.35970507108813127,0,0,1
2022-07-12,0.44821865665733873,0,0,1
2022-07-13,0.48152556786214656,0,0,1
2022-07-14,0.5849393101885905,1,1,1
2022-07-15,0.5980358657199533,1,0,0
2022-07-18,0.5260850922904401,1,1,1
2022-07-19,0.5680303319240425,1,1,1
2022-07-20,0.4624631477766062,0,1,0
2022-07-21,0.4261829247114832,0,0,1
2022-07-22,0.42781613078071606,0,1,0
2022-07-25,0.40004502422096244,0,0,1
2022-07-26,0.44907520372584164,0,1,0
2022-07-27,0.6170453923811163,1,1,1
2022-07-28,0.45794561683447205,0,1,0
2022-07-29,0.43992882244527404,0,0,1
2022-08-01,0.40038801559755977,0,0,1
2022-08-02,0.4308491408522225,0,1,0
2022-08-03,0.437765172771668,0,0,1
2022-08-04,0.45013697591589646,0,0,1
2022-08-05,0.3766158211242894,0,0,1
2022-08-08,0.39853808948755126,0,0,1
2022-08-09,0.4633189287041663,0,1,0
2022-08-10,0.45871273824808223,0,0,1
2022-08-11,0.4243033025539131,0,1,0
2022-08-12,0.42005609122252624,0,1,0
2022-08-15,0.40450814486889936,0,1,0
2022-08-16,0.384490224308113,0,0,1
2022-08-17,0.41279846936306064,0,1,0
2022-08-18,0.39880068586475614,0,0,1
2022-08-19,0.41967309561729477,0,0,1
2022-08-22,0.5171734545421186,1,0,0
2022-08-23,0.5113669446388076,1,1,1
2022-08-24,0.4958465769121333,0,1,0
2022-08-25,0.5905848464970949,1,0,0
2022-08-26,0.4613112872287436,0,0,1
2022-08-29,0.547404167267093,1,0,0
2022-08-30,0.5681689073063009,1,0,0
2022-08-31,0.5017274360273033,1,1,1
2022-09-01,0.5444826366512692,1,0,0
2022-09-02,0.4826310414374237,0,0,1
2022-09-06,0.46804555609243603,0,1,0
2022-09-07,0.47131650515336976,0,1,0
2022-09-08,0.5408367118402474,1,1,1
2022-09-09,0.4738940704475422,0,1,0
2022-09-12,0.5254153886655893,1,0,0
2022-09-13,0.41966549558104366,0,1,0
2022-09-14,0.5649565207289031,1,0,0
2022-09-15,0.582720368197309,1,0,0
2022-09-16,0.6138470246958286,1,1,1
2022-09-19,0.6551847016048555,1,0,0
2022-09-20,0.6238659564050825,1,0,0
2022-09-21,0.5657821465432327,1,0,0
2022-09-22,0.5727976130554268,1,0,0
2022-09-23,0.576291948527804,1,0,0
2022-09-26,0.5470945220004907,1,0,0
2022-09-27,0.47023817027917103,0,1,0
2022-09-28,0.4887396600897398,0,0,1
2022-09-29,0.5552971499102533,1,0,0
2022-09-30,0.432982217622211,0,1,0
2022-10-03,0.45647707581862895,0,1,0
2022-10-04,0.517148258434883,1,0,0
2022-10-05,0.5624366113811742,1,0,0
2022-10-06,0.4995778136289346,0,0,1
2022-10-07,0.5624660494399897,1,0,0
2022-10-10,0.5691634673764178,1,0,0
2022-10-11,0.5481505551541106,1,0,0
2022-10-12,0.5764327158545463,1,1,1
2022-10-13,0.5906599274371453,1,0,0
2022-10-14,0.6175502397789838,1,1,1
2022-10-17,0.5609130556959397,1,1,1
2022-10-18,0.5524489927001606,1,0,0
2022-10-19,0.5262142196397442,1,0,0
2022-10-20,0.5336916265790387,1,1,1
2022-10-21,0.5083448314641764,1,1,1
2022-10-24,0.47835054145739997,0,1,0
2022-10-25,0.47200079648073234,0,0,1
2022-10-26,0.4263963076713032,0,0,1
2022-10-27,0.3446101717267541,0,1,0
2022-10-28,0.3858670256537444,0,0,1
2022-10-31,0.32397312517746074,0,0,1
2022-11-01,0.329876212099012,0,0,1
2022-11-02,0.44470752354222737,0,0,1
2022-11-03,0.4527486954428333,0,1,0
2022-11-04,0.4905563294922999,0,1,0
2022-11-07,0.5401012472817631,1,1,1
2022-11-08,0.5152295379642096,1,0,0
2022-11-09,0.5464482823096914,1,1,1
2022-11-10,0.4688655481933427,0,1,0
2022-11-11,0.47390766827633585,0,0,1
2022-11-14,0.49566108005646436,0,1,0
2022-11-15,0.4388075331594765,0,0,1
2022-11-16,0.505325082922998,1,0,0
2022-11-17,0.5242096465367077,1,1,1
2022-11-18,0.5581458155006049,1,0,0
2022-11-21,0.47462308706657347,0,1,0
2022-11-22,0.4860560203213597,0,1,0
2022-11-23,0.4582084772698794,0,0,1
2022-11-25,0.43384835785167997,0,0,1
2022-11-28,0.4065872652677038,0,0,1
2022-11-29,0.520836533434883,1,1,1
2022-11-30,0.4863187314183075,0,0,1
2022-12-01,0.3914859460402381,0,0,1
2022-12-02,0.4574732696759345,0,0,1
2022-12-05,0.4971419366681501,0,0,1
2022-12-06,0.5433192933474836,1,0,0
2022-12-07,0.619553481241897,1,1,1
2022-12-08,0.6119308678567965,1,0,0
2022-12-09,0.6046091481198231,1,1,1
2022-12-12,0.5297687047945856,1,1,1
2022-12-13,0.45364755036151105,0,0,1
2022-12-14,0.5274243367953402,1,0,0
2022-12-15,0.4679332853118003,0,0,1
2022-12-16,0.5173093637088996,1,0,0
2022-12-19,0.49012659767579186,0,1,0
2022-12-20,0.49333261916060633,0,1,0
2022-12-21,0.5331518447340214,1,0,0
2022-12-22,0.4954598002430144,0,1,0
2022-12-23,0.45632183725660524,0,0,1
2022-12-27,0.36676559990628915,0,0,1
2022-12-28,0.508054373002178,1,1,1
2022-12-29,0.46770614744233363,0,0,1
2022-12-30,0.44860214110304164,0,0,1
2023-01-03,0.48433267417007797,0,1,0
2023-01-04,0.4962891668050373,0,0,1
2023-01-05,0.4577832444963076,0,1,0
2023-01-06,0.4852508819295802,0,0,1
2023-01-09,0.4436504273190783,0,1,0
2023-01-10,0.4607950960201947,0,1,0
2023-01-11,0.4954159554516634,0,1,0
2023-01-12,0.49964804420891634,0,1,0
2023-01-13,0.42605909921755364,0,0,1
2023-01-17,0.4386928261176923,0,0,1
2023-01-18,0.42310607732633987,0,0,1
2023-01-19,0.5152573442668721,1,1,1
2023-01-20,0.4938805840806927,0,1,0
2023-01-23,0.48471769500711637,0,0,1
2023-01-24,0.47674328208952416,0,1,0
2023-01-25,0.3721405257165294,0,1,0
2023-01-26,0.36242231998572716,0,1,0
2023-01-27,0.4218189804985918,0,0,1
2023-01-30,0.4447575341817198,0,1,0
2023-01-31,0.45619165697131675,0,1,0
2023-02-01,0.45678427708106195,0,1,0
2023-02-02,0.40600820043960717,0,0,1
2023-02-03,0.4724629522153628,0,0,1
2023-02-06,0.43609169841994444,0,1,0
2023-02-07,0.4679987156839173,0,0,1
2023-02-08,0.44995397807033044,0,0,1
2023-02-09,0.5148124860821096,1,1,1
2023-02-10,0.5006357017816124,1,1,1
2023-02-13,0.478468072878801,0,0,1
2023-02-14,0.5282441653735577,1,1,1
2023-02-15,0.5448508489112008,1,0,0
2023-02-16,0.4658880445348929,0,0,1
2023-02-17,0.4719516085849639,0,0,1
2023-02-21,0.4620363723559313,0,0,1
2023-02-22,0.548425238017146,1,1,1
2023-02-23,0.5378561513484521,1,0,0
2023-02-24,0.6095731974118143,1,1,1
2023-02-27,0.5990712688262356,1,0,0
2023-02-28,0.6044191468677729,1,0,0
2023-03-01,0.5297099261351068,1,1,1
2023-03-02,0.5284928099314733,1,1,1
2023-03-03,0.49444105805315874,0,1,0
2023-03-06,0.3939340210641118,0,0,1
2023-03-07,0.40461066246853267,0,1,0
2023-03-08,0.4694795721216588,0,0,1
2023-03-09,0.4493883787371868,0,0,1
2023-03-10,0.5011543778310336,1,0,0
2023-03-13,0.4806249433171601,0,1,0
2023-03-14,0.499444557856896,0,0,1
2023-03-15,0.4410748138320593,0,1,0
2023-03-16,0.5057318570170647,1,0,0
2023-03-17,0.44042723695587005,0,1,0
2023-03-20,0.48880459224167344,0,1,0
2023-03-21,0.4528211535543898,0,0,1
2023-03-22,0.493892074068356,0,1,0
2023-03-23,0.5878240881390556,1,1,1
2023-03-24,0.6286316290055132,1,1,1
2023-03-27,0.5829280221278059,1,0,0
2023-03-28,0.5586009307903913,1,1,1
2023-03-29,0.476832991231879,0,1,0
2023-03-30,0.4267681341887662,0,1,0
2023-03-31,0.40316964435501096,0,1,0
2023-04-03,0.4225962046729545,0,0,1
2023-04-04,0.4563866279217807,0,0,1
2023-04-05,0.4301422987917604,0,1,0
2023-04-06,0.4883738905303383,0,1,0
2023-04-10,0.43444412778613034,0,1,0
2023-04-11,0.48278807236353793,0,0,1
2023-04-12,0.5163721266801924,1,1,1
2023-04-13,0.4931698183845239,0,0,1
2023-04-14,0.5446310897419355,1,1,1
2023-04-17,0.47785761646730235,0,1,0
2023-04-18,0.47441214667633674,0,0,1
2023-04-19,0.49070321055000554,0,0,1
2023-04-20,0.5160681365028768,1,1,1
2023-04-21,0.5463944922425449,1,1,1
2023-04-24,0.6105518910060935,1,0,0
2023-04-25,0.6454558138546616,1,0,0
2023-04-26,0.5312170389676345,1,1,1
2023-04-27,0.5812515343321165,1,1,1
2023-04-28,0.5629706405234031,1,0,0
2023-05-01,0.5016898084867537,1,0,0
2023-05-02,0.4974851177243492,0,0,1
2023-05-03,0.4809131550777754,0,0,1
2023-05-04,0.5279963638776946,1,1,1
2023-05-05,0.44757621759513566,0,1,0
2023-05-08,0.5757300357866163,1,0,0
2023-05-09,0.5527978343762322,1,1,1
2023-05-10,0.5620957796461032,1,0,0
2023-05-11,0.5196688604427994,1,0,0
2023-05-12,0.5123659593685506,1,1,1
2023-05-15,0.49013451342351455,0,0,1
2023-05-16,0.5147905286471444,1,1,1
2023-05-17,0.48252929848162124,0,1,0
2023-05-18,0.53158165450556,1,0,0
2023-05-19,0.514814884542072,1,1,1
2023-05-22,0.5583713195029895,1,0,0
2023-05-23,0.5204894571588397,1,0,0
2023-05-24,0.5321863077113722,1,1,1
2023-05-25,0.4435493409888635,0,1,0
2023-05-26,0.41513919579278175,0,1,0
2023-05-30,0.4554593129112938,0,0,1
2023-05-31,0.5053550704746433,1,1,1
2023-06-01,0.5634115425777974,1,1,1
2023-06-02,0.4743033849389059,0,0,1
2023-06-05,0.44329325023431077,0,1,0
2023-06-06,0.4926365129099934,0,0,1
2023-06-07,0.5462853994650293,1,1,1
2023-06-08,0.45873227283285406,0,1,0
2023-06-09,0.46934586030255326,0,1,0
2023-06-12,0.4169496856466214,0,1,0
2023-06-13,0.4995085011085716,0,1,0
2023-06-14,0.5060505303172395,1,1,1
2023-06-15,0.4722214898643111,0,0,1
2023-06-16,0.48574547199552415,0,0,1
2023-06-20,0.4768406846004907,0,0,1
2023-06-21,0.4775384261334262,0,1,0
2023-06-22,0.4495474364455669,0,0,1
2023-06-23,0.4165468241108265,0,0,1
2023-06-26,0.44328934986235435,0,1,0
2023-06-27,0.5338233520705156,1,1,1
2023-06-28,0.5599027257543262,1,1,1
2023-06-29,0.5379019289621388,1,1,1
2023-06-30,0.4998353261010346,0,1,0
2023-07-03,0.45287398365074477,0,0,1
2023-07-05,0.466501180469756,0,0,1
2023-07-06,0.46284157480460963,0,0,1
2023-07-07,0.40728042591370517,0,1,0
2023-07-10,0.42153816584927173,0,1,0
2023-07-11,0.4134002709927196,0,1,0
2023-07-12,0.44561383055369713,0,1,0
2023-07-13,0.5640363716933084,1,0,0
2023-07-14,0.46644155527045544,0,1,0
2023-07-17,0.5064413449085083,1,1,1
2023-07-18,0.4698880258869617,0,1,0
2023-07-19,0.4729905538214754,0,0,1
2023-07-20,0.4678358679986993,0,0,1
2023-07-21,0.5569008564590404,1,1,1
2023-07-24,0.5500797885764686,1,1,1
2023-07-25,0.520050436094969,1,1,1
2023-07-26,0.44844103665539564,0,0,1
2023-07-27,0.5246878363685145,1,1,1
2023-07-28,0.5546858495252648,1,1,1
2023-07-31,0.4451157580799975,0,0,1
2023-08-01,0.47311693301734703,0,0,1
2023-08-02,0.4541927332255183,0,0,1
2023-08-03,0.49445604827614725,0,0,1
2023-08-04,0.44322070216758297,0,1,0
2023-08-07,0.4967206111751117,0,0,1
2023-08-08,0.4142334501331531,0,0,1
2023-08-09,0.45655705234147337,0,1,0
2023-08-10,0.5814019701906943,1,0,0
2023-08-11,0.5359744105251472,1,1,1
2023-08-14,0.5100087793828657,1,0,0
2023-08-15,0.4952246684997471,0,0,1
2023-08-16,0.5613111308205126,1,0,0
2023-08-17,0.5909505875421686,1,1,1
2023-08-18,0.5675925110175557,1,1,1
2023-08-21,0.5772974435326554,1,0,0
2023-08-22,0.5558896198936207,1,1,1
2023-08-23,0.6011995933378598,1,0,0
2023-08-24,0.5492972128716536,1,1,1
2023-08-25,0.6488710967303408,1,1,1
2023-08-28,0.6140945972650462,1,1,1
2023-08-29,0.6153772817337325,1,1,1
2023-08-30,0.48071597293887647,0,0,1
2023-08-31,0.4588853153686983,0,1,0
2023-09-01,0.4691367172372003,0,0,1
2023-09-05,0.46903453664965633,0,0,1
2023-09-06,0.5225323567511907,1,0,0
2023-09-07,0.6439516407419592,1,1,1
2023-09-08,0.6138195004761985,1,1,1
2023-09-11,0.5670545830973516,1,0,0
2023-09-12,0.5859214375345981,1,1,1
2023-09-13,0.57809408673149,1,1,1
2023-09-14,0.5492601728718614,1,0,0
2023-09-15,0.5010126986768063,1,1,1
2023-09-18,0.5777189461658562,1,0,0
2023-09-19,0.5437253227185047,1,0,0
2023-09-20,0.554836340947553,1,0,0
2023-09-21,0.6012006408247601,1,0,0
2023-09-22,0.5476964947112032,1,1,1
2023-09-25,0.5394631751002408,1,0,0
2023-09-26,0.5594141759008336,1,1,1
2023-09-27,0.5950380742594694,1,1,1
2023-09-28,0.6061741132796858,1,0,0
2023-09-29,0.5558922579351175,1,0,0
2023-10-02,0.5184565793708784,1,0,0
2023-10-03,0.5446344261482591,1,1,1
2023-10-04,0.5035659812410095,1,0,0
2023-10-05,0.5116057617937451,1,1,1
2023-10-06,0.5218408144247172,1,1,1
2023-10-09,0.6251404304923348,1,1,1
2023-10-10,0.6175048695294325,1,1,1
2023-10-11,0.49635918854871275,0,0,1
2023-10-12,0.5608666182152187,1,0,0
2023-10-13,0.5209077306741573,1,1,1
2023-10-16,0.5316870250568713,1,0,0
2023-10-17,0.5284103225920627,1,0,0
2023-10-18,0.533885390139908,1,0,0
2023-10-19,0.5211044045515331,1,0,0
2023-10-20,0.4891707747386635,0,0,1
2023-10-23,0.5544868310894664,1,1,1
2023-10-24,0.5288692820669254,1,0,0
2023-10-25,0.5749050789500735,1,0,0
2023-10-26,0.6021796692888673,1,0,0
2023-10-27,0.5115305527630384,1,1,1
2023-10-30,0.4846237194223542,0,1,0
2023-10-31,0.6351839650850739,1,1,1
2023-11-01,0.5879124067763956,1,1,1
2023-11-02,0.4405615931956735,0,1,0
2023-11-03,0.46687171310486064,0,1,0
2023-11-06,0.5057831015704982,1,1,1
2023-11-07,0.44941647372110866,0,1,0
2023-11-08,0.39474781657547864,0,0,1
2023-11-09,0.4095493019011168,0,1,0
2023-11-10,0.43995779927715983,0,0,1
2023-11-13,0.5107341274081242,1,1,1
2023-11-14,0.4458231006198834,0,1,0
2023-11-15,0.44782833386840004,0,1,0
2023-11-16,0.38964359194497294,0,1,0
2023-11-17,0.3952217706014952,0,1,0
2023-11-20,0.4381955789470281,0,0,1
2023-11-21,0.4369868142407324,0,1,0
2023-11-22,0.46303789462414446,0,1,0
2023-11-24,0.47610616549280693,0,0,1
2023-11-27,0.44503827831522347,0,1,0
2023-11-28,0.49416749972025703,0,0,1
2023-11-29,0.48756846684390204,0,1,0
2023-11-30,0.4700558372911588,0,1,0
2023-12-01,0.43601292089673344,0,0,1
2023-12-04,0.402092185349285,0,0,1
2023-12-05,0.4560633784463418,0,0,1
2023-12-06,0.48756402314351954,0,1,0
2023-12-07,0.5626260873429126,1,1,1
2023-12-08,0.4563076712287373,0,1,0
2023-12-11,0.41210949325551827,0,1,0
2023-12-12,0.4142202583028493,0,1,0
2023-12-13,0.4472406634933208,0,1,0
2023-12-14,0.42469047123226045,0,0,1
2023-12-15,0.4386679424333654,0,1,0
2023-12-18,0.4749842087788324,0,1,0
2023-12-19,0.4485390139523082,0,0,1
2023-12-20,0.46431095698584796,0,1,0
2023-12-21,0.6031059473581988,1,1,1
2023-12-22,0.6013319242502383,1,1,1
2023-12-26,0.5931144859089417,1,1,1
2023-12-27,0.5485172436681917,1,1,1
2023-12-28,0.546971448580799,1,0,0
2023-12-29,0.47142151666997134,0,0,1
2024-01-02,0.567045144379495,1,0,0
2024-01-03,0.5293981242769439,1,0,0
2024-01-04,0.5160112469279653,1,1,1
2024-01-05,0.5636733011045124,1,1,1
2024-01-08,0.5737869327173786,1,0,0
2024-01-09,0.5756765633936645,1,1,1
2024-01-10,0.5289950518319276,1,0,0
2024-01-11,0.5651259976153642,1,1,1
2024-01-12,0.5428522966807898,1,0,0
2024-01-16,0.5150707403477941,1,0,0
2024-01-17,0.5672289763736877,1,1,1
2024-01-18,0.5860197316900078,1,1,1
2024-01-19,0.5306457900891544,1,1,1
2024-01-22,0.4708543612784087,0,1,0
2024-01-23,0.47557184771846195,0,1,0
2024-01-24,0.4679792261122672,0,1,0
2024-01-25,0.4759502373980243,0,0,1
2024-01-26,0.5040306198421733,1,1,1
2024-01-29,0.49000264931438225,0,0,1
2024-01-30,0.5171937105117588,1,0,0
2024-01-31,0.5467651552042576,1,1,1
2024-02-01,0.5139205965604288,1,1,1
2024-02-02,0.5052481820171743,1,0,0
2024-02-05,0.5421969028519309,1,1,1
2024-02-06,0.4916351987179696,0,1,0
2024-02-07,0.5453569463397222,1,1,1
2024-02-08,0.5502691573820813,1,1,1
2024-02-09,0.5449418197095414,1,0,0
2024-02-12,0.5833880775796413,1,0,0
2024-02-13,0.49017208345430546,0,1,0
2024-02-14,0.4439866202561995,0,1,0
2024-02-15,0.47870499931397337,0,0,1
2024-02-16,0.5193113690532506,1,0,0
2024-02-20,0.4891597984192502,0,1,0
2024-02-21,0.40873355772548514,0,1,0
2024-02-22,0.47622004592673883,0,1,0
2024-02-23,0.5072485541750081,1,0,0
2024-02-26,0.5543582137762078,1,1,1
2024-02-27,0.530216313931663,1,0,0
2024-02-28,0.5225454542086788,1,1,1
2024-02-29,0.444767644729815,0,1,0
2024-03-01,0.4902247332194324,0,0,1
2024-03-04,0.5177296026079089,1,0,0
2024-03-05,0.5391021789435817,1,1,1
2024-03-06,0.536594342616619,1,1,1
2024-03-07,0.541602716586376,1,0,0
2024-03-08,0.5288836258783186,1,0,0
2024-03-11,0.5433139421778743,1,1,1
2024-03-12,0.5501632009556907,1,0,0
2024-03-13,0.45152652891789696,0,0,1
2024-03-14,0.5553853149879465,1,0,0
2024-03-15,0.5005097555171228,1,1,1
2024-03-18,0.5034915562342326,1,1,1
2024-03-19,0.4880909892210101,0,1,0
2024-03-20,0.5460296177797076,1,1,1
2024-03-21,0.508091070183649,1,0,0
2024-03-22,0.5500794683363647,1,0,0
2024-03-25,0.5036750825505883,1,0,0
2024-03-26,0.48691879030383045,0,1,0
2024-03-27,0.5188208186177168,1,0,0
2024-03-28,0.5148304793718197,1,0,0
2024-04-01,0.4939615134369711,0,0,1
2024-04-02,0.46516111643814684,0,1,0
2024-04-03,0.5652542069197768,1,0,0
2024-04-04,0.5329501951204008,1,1,1
2024-04-05,0.5409589613341577,1,1,1
2024-04-08,0.5025201776391743,1,1,1
2024-04-09,0.4769159245926845,0,0,1
2024-04-10,0.4860225681844326,0,1,0
2024-04-11,0.4286685487268376,0,0,1
2024-04-12,0.4071171006394101,0,0,1
2024-04-15,0.5071793259107695,1,0,0
2024-04-16,0.6112130847932735,1,0,0
2024-04-17,0.5785992039848634,1,0,0
2024-04-18,0.5382641243095028,1,0,0
2024-04-19,0.5180012578101748,1,1,1
2024-04-22,0.497631830179739,0,1,0
2024-04-23,0.5508179843590184,1,0,0
2024-04-24,0.5899355900967849,1,0,0
2024-04-25,0.5371182118769091,1,1,1
2024-04-26,0.5707890520959759,1,1,1
2024-04-29,0.5027174827102904,1,0,0
2024-04-30,0.39671548222045483,0,0,1
2024-05-01,0.6051074523254376,1,1,1
2024-05-02,0.588577632211227,1,1,1
2024-05-03,0.5051419867949123,1,1,1
2024-05-06,0.4851942579160364,0,1,0
2024-05-07,0.4483900660951347,0,1,0
2024-05-08,0.40731559594705663,0,1,0
2024-05-09,0.3932521712608201,0,1,0
2024-05-10,0.46128561627410847,0,1,0
2024-05-13,0.48848128641531685,0,1,0
2024-05-14,0.4942947675379233,0,1,0
2024-05-15,0.5193247391118193,1,0,0
2024-05-16,0.4221262921698754,0,1,0
2024-05-17,0.45018881245306963,0,1,0
2024-05-20,0.47656797056444566,0,1,0
2024-05-21,0.42657068398868453,0,0,1
2024-05-22,0.43995295518561817,0,0,1
2024-05-23,0.48112908334211957,0,1,0
2024-05-24,0.5531094719089809,1,1,1
2024-05-28,0.49646493494575167,0,0,1
2024-05-29,0.5766697567327864,1,0,0
2024-05-30,0.4598391972100066,0,1,0
2024-05-31,0.5087679227682531,1,1,1
2024-06-03,0.5191068537418303,1,1,1
2024-06-04,0.5196479369089992,1,1,1
2024-06-05,0.5106614451837594,1,0,0
2024-06-06,0.6016330794462459,1,0,0
2024-06-07,0.5664864471393413,1,1,1
2024-06-10,0.5669984660823848,1,1,1
2024-06-11,0.5356744198926378,1,1,1
2024-06-12,0.5394289422553505,1,1,1
2024-06-13,0.5232793821516105,1,1,1
2024-06-14,0.4512276031573786,0,1,0
2024-06-17,0.4158890116476216,0,1,0
2024-06-18,0.46596987420328806,0,0,1
2024-06-20,0.42588591187670216,0,0,1
2024-06-21,0.4636738383837314,0,0,1
2024-06-24,0.534190059756894,1,1,1
2024-06-25,0.5496372893081464,1,1,1
2024-06-26,0.4995549717998062,0,1,0
2024-06-27,0.49613836252447074,0,0,1
2024-06-28,0.48576924696106527,0,1,0
2024-07-01,0.607794749262892,1,1,1
2024-07-02,0.5802937500118955,1,1,1
2024-07-03,0.5639582672416164,1,1,1
2024-07-05,0.5351255070687265,1,1,1
2024-07-08,0.5160165115790397,1,1,1
2024-07-09,0.4924822027261188,0,1,0
2024-07-10,0.49033633647236025,0,0,1
2024-07-11,0.4928737272066003,0,1,0
2024-07-12,0.5460195952131545,1,1,1
2024-07-15,0.5881498905723056,1,1,1
2024-07-16,0.5878029672754712,1,0,0
2024-07-17,0.5655460980355028,1,0,0
2024-07-18,0.46591320167046035,0,0,1
2024-07-19,0.45709743113203316,0,1,0
2024-07-22,0.5136009758237817,1,0,0
2024-07-23,0.3962992918262638,0,0,1
2024-07-24,0.39139279166188035,0,0,1
2024-07-25,0.5520685448280775,1,1,1
2024-07-26,0.529593201998932,1,1,1
2024-07-29,0.4739021233591469,0,0,1
2024-07-30,0.47149470901843976,0,1,0
2024-07-31,0.4341243860072731,0,0,1
2024-08-01,0.4595209028685941,0,0,1
2024-08-02,0.4256624092235946,0,0,1
2024-08-05,0.48065186496048556,0,1,0
2024-08-06,0.4699819772651037,0,0,1
2024-08-07,0.4691303334763416,0,1,0
2024-08-08,0.472140992863667,0,1,0
2024-08-09,0.49997210744354376,0,1,0
2024-08-12,0.5249664551167069,1,1,1
2024-08-13,0.537549234646916,1,1,1
2024-08-14,0.5213365473547766,1,1,1
2024-08-15,0.531140510105982,1,1,1
2024-08-16,0.48585593413721706,0,1,0
2024-08-19,0.49360462860211257,0,0,1
2024-08-20,0.4832898809827431,0,1,0
2024-08-21,0.4780450618389019,0,0,1
2024-08-22,0.5096361697002337,1,1,1
2024-08-23,0.54656181192552,1,0,0
2024-08-26,0.5157238899894107,1,1,1
2024-08-27,0.4834588100299408,0,0,1
2024-08-28,0.47379994932138714,0,1,0
2024-08-29,0.5614873673196307,1,1,1
2024-08-30,0.524807087664622,1,0,0
2024-09-03,0.4462668147837404,0,0,1
2024-09-04,0.4788289320842474,0,0,1
2024-09-05,0.4327902397111158,0,0,1
2024-09-06,0.4724379703375566,0,1,0
2024-09-09,0.5325173616777167,1,1,1
2024-09-10,0.5239214781975611,1,1,1
2024-09-11,0.47331070822115895,0,1,0
2024-09-12,0.5538044836854474,1,1,1
2024-09-13,0.5459280380534283,1,1,1
2024-09-16,0.6001694385091835,1,1,1
2024-09-17,0.5430854108070102,1,0,0
2024-09-18,0.4848779373943768,0,1,0
2024-09-19,0.5923385725021332,1,0,0
2024-09-20,0.47928841962884816,0,1,0
2024-09-23,0.5304985916957222,1,1,1
2024-09-24,0.46135766473467943,0,0,1
2024-09-25,0.49104793038010636,0,1,0
2024-09-26,0.5016658399695851,1,0,0
2024-09-27,0.4941855041997488,0,1,0
2024-09-30,0.5268711540674001,1,0,0
2024-10-01,0.48162429584740196,0,1,0
2024-10-02,0.6190298639635854,1,0,0
2024-10-03,0.6214435552907638,1,1,1
2024-10-04,0.5278987184263996,1,0,0
2024-10-07,0.5298467732981568,1,1,1
2024-10-08,0.49687418731393085,0,1,0
2024-10-09,0.5124748682466056,1,0,0
2024-10-10,0.5034726863567626,1,1,1
2024-10-11,0.4205383807200171,0,1,0
2024-10-14,0.4938212591385805,0,0,1
2024-10-15,0.49033046708010014,0,1,0
2024-10-16,0.44794113677054576,0,1,0
2024-10-17,0.5090672901051719,1,1,1
2024-10-18,0.4425482705162407,0,0,1
2024-10-21,0.534960761517188,1,0,0
2024-10-22,0.4919653755507013,0,0,1
2024-10-23,0.4880346774024309,0,1,0
2024-10-24,0.5669959433243624,1,0,0
2024-10-25,0.5720364555394166,1,1,1
2024-10-28,0.5631568771399774,1,1,1
2024-10-29,0.58192023169198,1,0,0
2024-10-30,0.5432027962409053,1,0,0
2024-10-31,0.5462013307252758,1,1,1
2024-11-01,0.4906540953019931,0,0,1
2024-11-04,0.527764269495164,1,1,1
2024-11-05,0.5789920283892295,1,1,1
2024-11-06,0.5504114607658118,1,1,1
2024-11-07,0.5498554868853581,1,1,1
2024-11-08,0.5673000062571746,1,1,1
2024-11-11,0.5785599178954547,1,0,0
2024-11-12,0.5249868075663123,1,1,1
2024-11-13,0.5099826048687409,1,0,0
2024-11-14,0.4466902939062909,0,0,1
2024-11-15,0.43869359148432907,0,1,0
2024-11-18,0.5329702905902589,1,1,1
2024-11-19,0.5144939012997756,1,1,1
2024-11-20,0.5553021227070818,1,1,1
2024-11-21,0.5575840839218138,1,1,1
2024-11-22,0.6291397011347569,1,1,1
2024-11-25,0.5073888320386492,1,1,1
2024-11-26,0.5137305593065173,1,0,0
2024-11-27,0.4616862028386899,0,1,0
2024-11-29,0.45308544705582077,0,1,0
2024-12-02,0.41587219247095414,0,1,0
2024-12-03,0.4403862320248691,0,1,0
2024-12-04,0.4567884608966245,0,0,1
2024-12-05,0.4404932687420305,0,1,0
2024-12-06,0.4054829368018634,0,0,1
2024-12-09,0.37655965857731766,0,0,1
2024-12-10,0.5722979887506927,1,1,1
2024-12-11,0.613306730130476,1,0,0
2024-12-12,0.4448100413981259,0,0,1
2024-12-13,0.602502928266375,1,1,1
2024-12-16,0.6415910451874055,1,0,0
2024-12-17,0.6035488092288471,1,0,0
2024-12-18,0.5189067407584111,1,0,0
2024-12-19,0.5784967584971275,1,1,1
2024-12-20,0.5562504434557116,1,1,1
2024-12-23,0.5063365910708204,1,1,1
2024-12-24,0.5331306262493247,1,1,1
2024-12-26,0.4512353016367209,0,0,1
2024-12-27,0.5404540170422639,1,0,0
2024-12-30,0.5256976525204962,1,0,0
2024-12-31,0.4995161657861337,0,0,1
2025-01-02,0.5124910891793724,1,1,1
2025-01-03,0.5313248204465744,1,1,1
2025-01-06,0.49824781656710276,0,0,1
2025-01-07,0.5201218610864643,1,1,1
2025-01-08,0.5153903197349888,1,0,0
2025-01-10,0.5140699821996492,1,1,1
2025-01-13,0.5659395328024136,1,1,1
2025-01-14,0.5136341540244573,1,1,1
2025-01-15,0.5772920788464535,1,0,0
2025-01-16,0.5041705053292169,1,1,1
2025-01-17,0.5402411787149644,1,1,1
2025-01-21,0.45597846588515123,0,1,0
2025-01-22,0.4647645517759958,0,1,0
2025-01-23,0.4640263244930386,0,0,1
2025-01-24,0.5080094213138021,1,0,0
2025-01-27,0.42408561189481864,0,1,0
2025-01-28,0.5597652422599853,1,0,0
2025-01-29,0.5141306178307299,1,1,1
2025-01-30,0.549491981113096,1,0,0
2025-01-31,0.5794224428702861,1,0,0
2025-02-03,0.595091787805533,1,1,1
2025-02-04,0.5292041281324121,1,1,1
2025-02-05,0.5949868704152853,1,1,1
2025-02-06,0.5978865462208598,1,0,0
2025-02-07,0.612754360548578,1,1,1
2025-02-10,0.5989446832298176,1,1,1
2025-02-11,0.49291499648857445,0,0,1
2025-02-12,0.5664283161227989,1,1,1
2025-02-13,0.587051970922384,1,0,0
2025-02-14,0.6095890892753484,1,1,1
2025-02-18,0.5352348199390418,1,1,1
2025-02-19,0.5241353700976794,1,0,0
2025-02-20,0.48021662242856034,0,0,1
2025-02-21,0.49959129157804133,0,0,1
2025-02-24,0.4628926808835222,0,0,1
2025-02-25,0.4560061654953707,0,1,0
2025-02-26,0.4849351649102904,0,0,1
2025-02-27,0.5188355999363342,1,1,1
2025-02-28,0.5404920638250008,1,0,0
2025-03-03,0.49536205434029756,0,0,1
2025-03-04,0.5116225092934661,1,1,1
2025-03-05,0.5323214674141957,1,0,0
2025-03-06,0.5622977385812495,1,1,1
2025-03-07,0.5337934299744028,1,0,0
2025-03-10,0.5564505418870719,1,0,0
2025-03-11,0.43771955626579356,0,1,0
2025-03-12,0.4837605715833785,0,0,1
2025-03-13,0.5160026179500644,1,1,1
2025-03-14,0.5142729806541486,1,1,1
2025-03-17,0.5777557187692515,1,0,0
2025-03-18,0.529715868998091,1,1,1
2025-03-19,0.5733328506215024,1,0,0
2025-03-20,0.5135146691531134,1,1,1
2025-03-21,0.4732723743632445,0,1,0
2025-03-24,0.43998805239601624,0,1,0
2025-03-25,0.433236564391047,0,0,1
2025-03-26,0.4465871433664879,0,0,1
2025-03-27,0.4673657887240806,0,0,1
2025-03-28,0.48010511284038776,0,1,0
2025-03-31,0.5086301949614093,1,1,1
2025-04-01,0.5105051414031601,1,1,1
2025-04-02,0.4746227645095848,0,0,1
2025-04-03,0.4529614022469407,0,0,1
2025-04-04,0.49859453712356455,0,0,1
2025-04-07,0.3677184636761207,0,0,1
2025-04-08,0.3950739792345367,0,1,0
2025-04-09,0.42601951966757395,0,0,1
2025-04-10,0.3805579274024618,0,1,0
2025-04-11,0.403437715514412,0,1,0
2025-04-14,0.3992856975132326,0,0,1
2025-04-15,0.4385277528882008,0,0,1
2025-04-16,0.4618090834811779,0,1,0
2025-04-17,0.4573410835998435,0,0,1
2025-04-21,0.4515598107094811,0,1,0
2025-04-22,0.49635151880446443,0,1,0
2025-04-23,0.5301337845554713,1,1,1
2025-04-24,0.48490424858835185,0,1,0
2025-04-25,0.48170911403854866,0,1,0
2025-04-28,0.4371397809620301,0,1,0
2025-04-29,0.43834317777405335,0,1,0
2025-04-30,0.4233950519986889,0,1,0
2025-05-01,0.3924742469066556,0,1,0
2025-05-02,0.37398542783379757,0,0,1
2025-05-05,0.3801745549226766,0,0,1
2025-05-06,0.44291670235070085,0,1,0
2025-05-07,0.5328440903632808,1,1,1
2025-05-08,0.4937554835572828,0,0,1
2025-05-09,0.4794420373092503,0,1,0
2025-05-12,0.5094874396043757,1,1,1
2025-05-13,0.41213818446990746,0,1,0
2025-05-14,0.4333789775604885,0,1,0
2025-05-15,0.43654599397030386,0,1,0
2025-05-16,0.4265128473094125,0,1,0
2025-05-19,0.4333197814955345,0,0,1
2025-05-20,0.49037717782032747,0,0,1
2025-05-21,0.4897153491888269,0,1,0
2025-05-22,0.595940536431569,1,0,0
2025-05-23,0.5910093686546758,1,1,1
2025-05-27,0.5178208602120291,1,0,0
2025-05-28,0.5341563920685023,1,1,1
2025-05-29,0.5586496101643428,1,0,0
2025-05-30,0.5404730903660887,1,1,1
2025-06-02,0.546338121703687,1,1,1
2025-06-03,0.5297706941950783,1,0,0
2025-06-04,0.4993120120700095,0,0,1
2025-06-05,0.4959461778632795,0,1,0
2025-06-06,0.48595712776405237,0,1,0
2025-06-09,0.4668420682620779,0,1,0
2025-06-10,0.47821073654616636,0,0,1
2025-06-11,0.5125367889620742,1,1,1
2025-06-12,0.5127840147190827,1,0,0
2025-06-13,0.4716123930983166,0,1,0
2025-06-16,0.5243186095999833,1,0,0
2025-06-17,0.546508605760228,1,0,0
2025-06-18,0.522241073174111,1,0,0
2025-06-20,0.5282658384723199,1,1,1
2025-06-23,0.4969928469009136,0,1,0
2025-06-24,0.5670978800755196,1,1,1
2025-06-25,0.5645357801741393,1,1,1
2025-06-26,0.5737759661751102,1,1,1
2025-06-27,0.556020721187905,1,1,1
2025-06-30,0.5496564009768944,1,0,0
2025-07-01,0.5087500799483807,1,1,1
2025-07-02,0.495888538455917,0,1,0
2025-07-03,0.4690210304537392,0,0,1
2025-07-07,0.49127311609592983,0,0,1
2025-07-08,0.484406433230908,0,1,0
2025-07-09,0.48886565253289294,0,1,0
2025-07-10,0.4618605861723533,0,0,1
2025-07-11,0.483501139187751,0,1,0
2025-07-14,0.4748482939406183,0,0,1
2025-07-15,0.5544610779185069,1,1,1
2025-07-16,0.6057927583513797,1,1,1
2025-07-17,0.565082577536192,1,0,0
2025-07-18,0.4831558341925248,0,1,0
2025-07-21,0.47947515741579916,0,1,0
2025-07-22,0.4824450453616174,0,1,0
2025-07-23,0.5046385923476489,1,1,1
2025-07-24,0.5161873797467484,1,1,1
2025-07-25,0.5330273398047417,1,0,0
2025-07-28,0.43280358574169014,0,0,1
2025-07-29,0.4432285247154191,0,0,1
2025-07-30,0.45623364679003736,0,0,1
2025-07-31,0.4877637351979177,0,0,1
2025-08-01,0.6129643751816513,1,1,1
2025-08-04,0.5150822987554464,1,0,0
2025-08-05,0.6007895822233321,1,1,1
2025-08-06,0.5925906065088576,1,0,0
2025-08-07,0.6857188667193216,1,1,1
2025-08-08,0.6340478888808857,1,0,0
2025-08-11,0.6039570651543605,1,1,1
2025-08-12,0.6028847423569006,1,1,1
2025-08-13,0.6153597932906708,1,1,1
2025-08-14,0.5366586324822396,1,0,0
2025-08-15,0.6080069042036862,1,0,0
2025-08-18,0.5561711808052636,1,0,0
2025-08-19,0.5235857361726348,1,0,0
2025-08-20,0.5994425049235113,1,0,0
2025-08-21,0.5821585164447567,1,1,1
2025-08-22,0.5499532009789043,1,0,0
2025-08-25,0.4274946035850359,0,1,0
2025-08-26,0.5597261765800171,1,1,1
2025-08-27,0.44931816719340867,0,1,0
2025-08-28,0.49213511814151606,0,0,1
2025-08-29,0.4700498840075232,0,0,1
2025-09-02,0.5723151836130761,1,1,1
2025-09-03,0.5540465421439804,1,1,1
2025-09-04,0.5373043558171109,1,0,0
2025-09-05,0.5758874771137767,1,1,1
2025-09-08,0.5934438473047041,1,1,1
2025-09-09,0.5235561195514956,1,1,1
2025-09-10,0.4951359749795468,0,1,0
2025-09-11,0.4099686365486159,0,0,1
2025-09-12,0.41837219817941584,0,1,0
2025-09-15,0.4197774704823804,0,0,1
2025-09-16,0.40829968683409174,0,0,1
2025-09-17,0.46730054553349326,0,1,0
2025-09-18,0.4674908817665909,0,1,0
2025-09-19,0.5534932549798794,1,1,1
2025-09-22,0.48975237852805564,0,0,1
2025-09-23,0.4894964069834411,0,0,1
2025-09-24,0.5912141725609782,1,0,0
2025-09-25,0.525543544508476,1,1,1
2025-09-26,0.5651548578211429,1,1,1
2025-09-29,0.5746932586337166,1,1,1
2025-09-30,0.5657314723441524,1,1,1
2025-10-01,0.5687924224235356,1,1,1
2025-10-02,0.57063143569511,1,0,0
2025-10-03,0.5423117781080606,1,1,1
2025-10-06,0.5702698053969046,1,0,0
2025-10-07,0.5230129122819418,1,1,1
2025-10-08,0.5409223358529134,1,0,0
2025-10-09,0.5630643572424905,1,0,0
2025-10-10,0.48237160612383706,0,1,0
2025-10-13,0.5390874032867516,1,0,0
2025-10-14,0.43779863703976174,0,1,0
2025-10-15,0.4399163568893522,0,0,1
2025-10-16,0.45968555559814933,0,1,0
2025-10-17,0.41836465250275406,0,1,0
2025-10-20,0.46332929738366974,0,0,1
2025-10-21,0.5420894709269412,1,0,0
2025-10-22,0.5504561159159085,1,1,1
2025-10-23,0.5091876504231777,1,1,1
2025-10-24,0.5774739353424378,1,1,1
2025-10-27,0.5279796328178588,1,1,1
2025-10-28,0.4778841074983918,0,1,0
2025-10-29,0.49298704555850775,0,0,1
2025-10-30,0.536721406532143,1,1,1
2025-10-31,0.4768310954292972,0,1,0
2025-11-03,0.5247811227642899,1,0,0
2025-11-04,0.5463923640242769,1,1,1
2025-11-05,0.5492997112854084,1,0,0
2025-11-06,0.508418713943027,1,1,1
2025-11-07,0.5265184293685661,1,1,1
2025-11-10,0.49547252150168325,0,1,0
2025-11-11,0.5386218376934175,1,1,1
2025-11-12,0.5410490050084203,1,0,0
2025-11-13,0.5447598419119463,1,0,0
2025-11-14,0.5763888383698546,1,0,0
2025-11-17,0.5941298417023693,1,0,0
2025-11-18,0.6007972691926301,1,1,1
2025-11-19,0.539561270278682,1,0,0
2025-11-20,0.5566865157938727,1,1,1
2025-11-21,0.5962174855374218,1,1,1
2025-11-24,0.563621676995198,1,1,1
2025-11-25,0.5707139649958846,1,1,1
2025-11-26,0.5695892033883216,1,1,1
2025-11-28,0.4893641561397671,0,0,1
2025-12-01,0.4975934634761668,0,1,0
2025-12-02,0.48584189795886484,0,1,0
2025-12-03,0.44804782164153484,0,1,0
2025-12-04,0.47783966751727724,0,1,0
2025-12-05,0.44162985150777145,0,0,1
2025-12-08,0.49019871349229577,0,0,1
2025-12-09,0.5444451174650723,1,1,1
2025-12-10,0.5610118012571806,1,1,1
2025-12-11,0.4631786395901914,0,0,1
2025-12-12,0.41533049807106415,0,0,1
2025-12-15,0.5009335537174532,1,0,0
2025-12-16,0.5431051180995432,1,0,0
2025-12-17,0.5700351546523303,1,1,1
2025-12-18,0.6128452564012651,1,1,1
2025-12-19,0.6083515506807053,1,1,1
2025-12-22,0.4766145741713456,0,1,0
2025-12-23,0.45467636686551444,0,1,0
2025-12-24,0.4954536465106712,0,0,1
2025-12-26,0.5121119453564787,1,0,0
2025-12-29,0.5153876718749812,1,0,0
2025-12-30,0.4391111128320339,0,0,1
2025-12-31,0.5360588129053783,1,1,1
2026-01-02,0.5495304857366681,1,1,1
2026-01-05,0.6528875974559692,1,1,1
2026-01-06,0.5907300216744759,1,0,0
2026-01-07,0.5070869870370726,1,0,0
2026-01-08,0.5873466521884166,1,1,1
